Feature,Chi2 Score,Mutual Information Score,RFE Ranking,Random Forest Importance
country_txt,1122.4918134046743,0.3125683057498787,1,0.8297455614375612
iyear,23.785088996512663,0.02970429981578704,2,0.17025443856243888
