Feature,Chi2 Score,Mutual Information Score,RFE Ranking,Random Forest Importance
country_txt,1122.4918134046743,0.31615140441321077,1,0.8297455614375612
iyear,23.785088996512663,0.03389457826277931,2,0.17025443856243888
